﻿<?xml version="1.0" encoding="UTF-8"?>
<Dantzak>
<dantza id="_1">
<izena>Tango</izena>
<salneurria kuota="hilekoa" moneta="euroa">27</salneurria>
<plazak>20</plazak>
<hasiera>2012/06/01</hasiera>
<bukaera>2012/12/01</bukaera>
<irakaslea>Roberto Garcia</irakaslea>
<gela>1</gela>
</dantza>
<dantza id="_2">
<izena>Cha-cha-cha</izena>
<salneurria kuota="hiruhilekoa" moneta="euroa">80</salneurria>
<plazak>18</plazak>
<hasiera>2012/07/01</hasiera>
<bukaera>2012/10/31</bukaera>
<irakaslea>Miriam Lasa</irakaslea>
<gela>1</gela>
</dantza>
<dantza id="_3">
<izena>Rocka</izena>
<salneurria kuota="hilekoa" moneta="euroa">30</salneurria>
<plazak>15</plazak>
<hasiera>2012/01/01</hasiera>
<bukaera>2012/12/01</bukaera>
<irakaslea>Laura Mendiola</irakaslea>
<gela>1</gela>
</dantza>
<dantza id="_4">
<izena>Merengea</izena>
<salneurria kuota="hiruhilekoa" moneta="dolarra">75</salneurria>
<plazak>12</plazak>
<hasiera>2012/01/01</hasiera>
<bukaera>2012/12/01</bukaera>
<irakaslea>Jesus Lozano</irakaslea>
<gela>2</gela>
</dantza>
<dantza id="_5">
<izena>Saltsa</izena>
<salneurria kuota="hilekoa" moneta="euroa">32</salneurria>
<plazak>10</plazak>
<hasiera>2012/01/01</hasiera>
<bukaera>2012/12/01</bukaera>
<irakaslea>Jesus Lozano</irakaslea>
<gela>2</gela>
</dantza>
<dantza id="_6">
<izena>Pasodoblea</izena>
<salneurria kuota="urtekoa" moneta="euroa">320</salneurria>
<plazak>8</plazak>
<hasiera>2012/01/01</hasiera>
<bukaera>2012/12/30</bukaera>
<irakaslea>Miriam Lasa</irakaslea>
<gela>2</gela>
</dantza>
</Dantzak>
